Timestamp,RA,DEC,AZ,ALT,Status,Slew Status
2026-07-30T14:24:55.100252,07.119779,+01.07442,241.42817,+26.59543,0,0#
2026-07-30T14:24:56.163261,07.119779,+01.07448,241.43212,+26.59274,0,0#
2026-07-30T14:24:57.066211,07.119782,+01.07438,241.43534,+26.59037,0,0#
2026-07-30T14:24:58.043104,07.119782,+01.07444,241.43897,+26.58790,0,0#
2026-07-30T14:24:59.089896,07.119951,+01.07244,241.43920,+26.58521,0,0#
2026-07-30T14:25:00.073747,07.120133,+01.07029,241.43894,+26.58266,0,0#
2026-07-30T14:25:01.046529,07.120290,+01.06845,241.43917,+26.58017,0,0#
2026-07-30T14:25:02.024312,07.120283,+01.06857,241.44295,+26.57768,0,0#
2026-07-30T14:25:03.077299,07.120285,+01.06847,241.44673,+26.57492,0,0#
2026-07-30T14:25:04.058131,07.120522,+01.06573,241.44532,+26.57242,0,0#
2026-07-30T14:25:05.049017,07.120466,+01.06634,241.45013,+26.56984,0,0#
2026-07-30T14:25:06.035888,07.120457,+01.06651,241.45399,+26.56735,0,0#
2026-07-30T14:25:07.023679,07.120456,+01.06646,241.45760,+26.56477,0,0#
2026-07-30T14:25:08.052692,07.120461,+01.06636,241.46125,+26.56208,0,0#
2026-07-30T14:25:09.027524,07.120461,+01.06643,241.46489,+26.55963,0,0#
2026-07-30T14:25:10.079288,07.120462,+01.06642,241.46872,+26.55694,0,0#
2026-07-30T14:25:11.055541,07.120461,+01.06643,241.47234,+26.55442,0,0#
2026-07-30T14:25:12.037895,07.120460,+01.06638,241.47594,+26.55185,0,0#
2026-07-30T14:25:13.021829,07.120460,+01.06635,241.47953,+26.54930,0,0#
2026-07-30T14:25:14.084809,07.120456,+01.06650,241.48359,+26.54665,0,0#
2026-07-30T14:25:15.064538,07.120455,+01.06644,241.48716,+26.54407,0,0#
2026-07-30T14:25:16.045481,07.120461,+01.06635,241.49063,+26.54153,0,0#
2026-07-30T14:25:17.024185,07.120459,+01.06644,241.49432,+26.53906,0,0#
2026-07-30T14:25:18.032233,07.120457,+01.06644,241.49806,+26.53646,0,0#
2026-07-30T14:25:19.087889,07.120463,+01.06650,241.50189,+26.53385,0,0#
2026-07-30T14:25:20.085678,07.120465,+01.06643,241.50540,+26.53130,2,1#
2026-07-30T14:25:21.092683,07.111307,+03.45670,243.30493,+28.31239,2,1#
2026-07-30T14:25:22.018434,07.039783,+09.21909,248.54627,+32.02598,2,1#
2026-07-30T14:25:23.024304,06.899586,+16.73646,256.58064,+36.07802,2,1#
2026-07-30T14:25:24.053025,06.807623,+24.22779,264.73190,+40.16486,0,0#
2026-07-30T14:25:25.036971,06.723616,+29.26523,270.92494,+42.39855,0,0#
2026-07-30T14:25:26.039875,06.647969,+30.61464,273.18807,+42.39394,0,0#
2026-07-30T14:25:27.030733,06.650181,+30.57966,273.12988,+42.39394,0,0#
2026-07-30T14:25:28.089537,06.650880,+30.56777,273.11268,+42.39127,0,0#
2026-07-30T14:25:29.068366,06.650792,+30.56131,273.10923,+42.38372,0,0#
2026-07-30T14:25:30.061206,06.650874,+30.55959,273.10932,+42.38068,0,0#
2026-07-30T14:25:31.060300,06.650833,+30.55976,273.11274,+42.37745,0,0#
2026-07-30T14:25:32.082892,06.650804,+30.56010,273.11632,+42.37435,0,0#
2026-07-30T14:25:33.071088,06.650809,+30.56018,273.11916,+42.37154,0,0#
2026-07-30T14:25:34.055627,06.650811,+30.56018,273.12193,+42.36869,0,0#
2026-07-30T14:25:35.038527,06.650810,+30.56022,273.12475,+42.36583,0,0#
2026-07-30T14:25:36.058311,06.665351,+31.12550,273.60650,+42.84246,2,1#
2026-07-30T14:25:37.063208,06.775700,+35.43587,277.60061,+46.36205,2,1#
2026-07-30T14:25:38.051037,06.875420,+41.65445,285.01571,+50.33409,2,1#
2026-07-30T14:25:39.056774,07.066568,+47.68751,293.06851,+54.38359,2,1#
2026-07-30T14:25:40.063729,07.386540,+52.84889,301.11457,+58.41243,2,1#
2026-07-30T14:25:41.079624,07.833235,+56.76864,309.02835,+62.27642,0,0#
2026-07-30T14:25:42.067407,07.983762,+58.71924,313.64718,+63.15211,0,0#
2026-07-30T14:25:43.072350,07.995422,+59.10893,314.53160,+63.15257,0,0#
2026-07-30T14:25:44.062273,07.995132,+59.09091,314.49055,+63.15241,0,0#
2026-07-30T14:25:45.030050,07.994868,+59.08527,314.47633,+63.14968,0,0#
2026-07-30T14:25:46.086975,07.994777,+59.08313,314.47023,+63.14727,0,0#
2026-07-30T14:25:47.065738,07.994762,+59.08241,314.46757,+63.14528,0,0#
2026-07-30T14:25:48.041868,07.994762,+59.08255,314.46682,+63.14321,0,0#
2026-07-30T14:25:49.087536,07.994771,+59.08262,314.46590,+63.14107,0,0#
2026-07-30T14:25:50.060333,07.994770,+59.08261,314.46482,+63.13902,0,0#
2026-07-30T14:25:51.034329,07.994768,+59.08267,314.46390,+63.13697,0,0#
2026-07-30T14:25:52.083090,07.994767,+59.08263,314.46269,+63.13477,0,0#
2026-07-30T14:25:53.059893,07.994769,+59.08266,314.46172,+63.13274,0,0#
2026-07-30T14:25:54.040799,07.994766,+59.08261,314.46054,+63.13068,0,0#
2026-07-30T14:25:55.083451,07.994770,+59.08263,314.45948,+63.12852,0,0#
2026-07-30T14:25:56.055640,07.994763,+59.08265,314.45845,+63.12644,0,0#
2026-07-30T14:25:57.032285,07.994763,+59.08266,314.45744,+63.12439,0,0#
2026-07-30T14:25:58.065210,07.994765,+59.08265,314.45631,+63.12224,0,0#
2026-07-30T14:25:59.040971,07.994768,+59.08266,314.45530,+63.12022,0,0#
2026-07-30T14:26:00.087766,07.994761,+59.08267,314.45417,+63.11799,0,0#
2026-07-30T14:26:01.065902,07.994766,+59.08266,314.45313,+63.11597,0,0#
2026-07-30T14:26:02.041581,07.994767,+59.08266,314.45209,+63.11394,0,0#
2026-07-30T14:26:03.088333,07.994763,+59.08265,314.45094,+63.11173,0,0#
2026-07-30T14:26:04.062241,07.994764,+59.08265,314.44990,+63.10970,0,0#
2026-07-30T14:26:05.055837,07.994772,+59.08268,314.44894,+63.10768,0,0#
2026-07-30T14:26:06.022650,07.994767,+59.08268,314.44790,+63.10562,0,0#
2026-07-30T14:26:07.078559,07.994762,+59.08269,314.44676,+63.10337,0,0#
2026-07-30T14:26:08.028812,07.994763,+59.08266,314.44571,+63.10140,0,0#
2026-07-30T14:26:09.073398,07.994766,+59.08269,314.44465,+63.09922,0,0#
2026-07-30T14:26:10.059678,07.994763,+59.08267,314.44355,+63.09714,0,0#
2026-07-30T14:26:11.032980,07.994764,+59.08271,314.44260,+63.09511,0,0#
2026-07-30T14:26:12.085315,07.994767,+59.08269,314.44145,+63.09293,0,0#
2026-07-30T14:26:13.059870,07.994764,+59.08268,314.44039,+63.09087,0,0#
2026-07-30T14:26:14.033107,07.994771,+59.08266,314.43934,+63.08889,0,0#
2026-07-30T14:26:15.014468,07.994765,+59.08269,314.43833,+63.08679,0,0#
2026-07-30T14:26:16.064864,07.994762,+59.08268,314.43719,+63.08457,0,0#
2026-07-30T14:26:17.049609,07.994759,+59.08272,314.43622,+63.08248,0,0#
2026-07-30T14:26:18.062053,07.994758,+59.08268,314.43505,+63.08037,0,0#
2026-07-30T14:26:19.036522,07.994753,+59.08274,314.43413,+63.07828,0,0#
2026-07-30T14:26:20.054870,08.049504,+58.76047,313.94726,+63.56175,6,1#
2026-07-30T14:26:21.065468,08.488051,+56.18675,310.01202,+67.61778,6,1#
2026-07-30T14:26:22.078356,09.263842,+52.32408,304.88527,+75.25211,6,1#
2026-07-30T14:26:23.019651,09.965937,+48.70467,300.11122,+82.80156,6,1#
2026-07-30T14:26:24.031224,10.671214,+45.09281,114.99521,+89.12913,9,1#
2026-07-30T14:26:25.050093,11.357879,+41.81290,109.83820,+80.98110,6,1#
2026-07-30T14:26:26.057660,12.026173,+38.97169,104.74640,+72.92025,6,1#
2026-07-30T14:26:27.075442,12.700866,+36.50880,099.58337,+64.76068,6,1#
2026-07-30T14:26:28.063204,13.357452,+34.48173,094.58843,+56.86133,6,1#
2026-07-30T14:26:29.076921,14.037547,+32.70746,089.45017,+48.76090,6,1#
2026-07-30T14:26:30.011265,14.671384,+31.24496,084.71726,+41.28533,6,1#
2026-07-30T14:26:31.029123,15.368656,+29.71528,079.56559,+33.12549,6,1#
2026-07-30T14:26:32.063778,16.041567,+28.51716,074.33640,+25.49695,6,1#
2026-07-30T14:26:33.024834,16.417388,+28.67568,070.70659,+21.83851,6,1#
2026-07-30T14:26:34.039530,16.457735,+28.65388,070.35146,+21.42768,6,1#
2026-07-30T14:26:35.030237,16.455082,+28.62464,070.40237,+21.43744,6,1#
2026-07-30T14:26:36.090024,16.454150,+28.61109,070.42475,+21.44068,6,1#
2026-07-30T14:26:37.060557,16.453887,+28.60714,070.43291,+21.44335,6,1#
2026-07-30T14:26:38.082501,16.453796,+28.60578,070.43750,+21.44617,6,1#
2026-07-30T14:26:39.059259,16.453788,+28.60569,070.44019,+21.44889,6,1#
2026-07-30T14:26:40.044012,16.453805,+28.60579,070.44252,+21.45151,0,0#
2026-07-30T14:26:41.034912,16.453803,+28.60582,070.44507,+21.45428,0,0#
2026-07-30T14:26:42.027715,16.453805,+28.60591,070.44756,+21.45706,0,0#
2026-07-30T14:26:43.015305,16.453804,+28.60584,070.45018,+21.45974,0,0#
2026-07-30T14:26:44.005936,16.453800,+28.60584,070.45278,+21.46250,0,0#
2026-07-30T14:26:45.067036,16.453797,+28.60583,070.45558,+21.46545,0,0#
2026-07-30T14:26:46.053866,16.453805,+28.60582,070.45807,+21.46808,0,0#
2026-07-30T14:26:47.037801,16.453801,+28.60586,070.46064,+21.47086,0,0#
2026-07-30T14:26:48.078661,16.453802,+28.60586,070.46331,+21.47372,0,0#
2026-07-30T14:26:49.064382,16.453803,+28.60583,070.46589,+21.47641,0,0#
2026-07-30T14:26:50.049136,16.453803,+28.60584,070.46843,+21.47912,0,0#
2026-07-30T14:26:52.549707,16.453802,+28.60587,070.47491,+21.48605,0,0#
2026-07-30T14:26:53.543560,16.453803,+28.60582,070.47751,+21.48873,0,0#
2026-07-30T14:26:56.592923,16.453806,+28.60585,070.48538,+21.49714,0,0#
2026-07-30T14:26:57.639011,16.453805,+28.60583,070.48811,+21.50002,0,0#
2026-07-30T14:26:58.579947,16.469108,+28.67632,070.29110,+21.39758,6,1#
2026-07-30T14:26:59.572620,16.468567,+28.66063,070.31140,+21.39536,6,1#
2026-07-30T14:27:00.566339,16.476272,+28.68300,070.22420,+21.33668,6,1#
2026-07-30T14:27:01.569261,16.466978,+28.63036,070.35583,+21.39668,6,1#
2026-07-30T14:27:02.529082,16.465562,+28.61215,070.38611,+21.40125,6,1#
2026-07-30T14:27:03.511936,16.465220,+28.60544,070.39736,+21.40302,6,1#
2026-07-30T14:27:04.577938,16.465104,+28.60346,070.40280,+21.40581,6,1#
2026-07-30T14:27:05.553730,16.350306,+28.56272,071.50742,+22.52103,2,1#
2026-07-30T14:27:06.565450,15.870042,+27.87578,076.58874,+26.93018,2,1#
2026-07-30T14:27:13.024565,12.415668,+21.57369,128.13354,+57.44788,2,1#
